{"cameraMode":{"drawMode":0,"name":"Shaded","section":"Shading Mode"},"sceneLighting":false,"audioPlay":false,"sceneViewState":{"showFog":true,"showMaterialUpdate":true,"showSkybox":false,"showFlares":true,"showImageEffects":true,"showParticleSystems":true},"in2DMode":false,"pivot":{"x":50.58653259277344,"y":14.25397777557373,"z":11.80972671508789},"rotation":{"x":-0.424783855676651,"y":-0.13813309371471406,"z":0.06576409935951233,"w":-0.8923001289367676},"size":7.071067810058594,"orthographic":false}