{"cameraMode":{"drawMode":0,"name":"Shaded","section":"Shading Mode"},"sceneLighting":true,"audioPlay":false,"sceneViewState":{"showFog":true,"showMaterialUpdate":true,"showSkybox":true,"showFlares":true,"showImageEffects":true,"showParticleSystems":true},"in2DMode":false,"pivot":{"x":36.52829360961914,"y":-1.0108709335327149,"z":31.255884170532228},"rotation":{"x":0.01997152343392372,"y":-0.9038772583007813,"z":0.4253143072128296,"w":0.04230523109436035},"size":2.598076105117798,"orthographic":false}