{"cameraMode":{"drawMode":0,"name":"Shaded","section":"Shading Mode"},"sceneLighting":false,"audioPlay":false,"sceneViewState":{"showFog":true,"showMaterialUpdate":true,"showSkybox":false,"showFlares":true,"showImageEffects":true,"showParticleSystems":true},"in2DMode":false,"pivot":{"x":-12.407946586608887,"y":3.52838397026062,"z":-7.574368953704834},"rotation":{"x":0.014616817235946656,"y":0.4920492470264435,"z":-0.008300955407321453,"w":0.8704461455345154},"size":2.752528667449951,"orthographic":false}